{"uid":"83edc06c07f9ae9e47eb6dd1b683e4e2","name":"packages","children":[{"name":"Tests.Service_TCs.Create.CreateService","children":[{"name":"createServiceWithMandatoryFields","uid":"d3d026282749417d","parentUid":"f51b6071e8ec97a9597f406c711a3b68","status":"passed","time":{"start":1753020033985,"stop":1753020036032,"duration":2047},"flaky":false,"newFailed":false,"newPassed":false,"newBroken":false,"retriesCount":0,"retriesStatusChange":false,"parameters":[],"tags":[]},{"name":"createServiceWithAllFields","uid":"1f24ba3e7d45d6c3","parentUid":"f51b6071e8ec97a9597f406c711a3b68","status":"passed","time":{"start":1753020036046,"stop":1753020036218,"duration":172},"flaky":false,"newFailed":false,"newPassed":false,"newBroken":false,"retriesCount":0,"retriesStatusChange":false,"parameters":[],"tags":[]},{"name":"validateSoftDeletedAttributes","uid":"2bee19cc355371c6","parentUid":"f51b6071e8ec97a9597f406c711a3b68","status":"passed","time":{"start":1753020036225,"stop":1753020036418,"duration":193},"flaky":false,"newFailed":false,"newPassed":false,"newBroken":false,"retriesCount":0,"retriesStatusChange":false,"parameters":[],"tags":[]},{"name":"validateMissingMandatoryFields","uid":"674b17a6e1c2a7a4","parentUid":"f51b6071e8ec97a9597f406c711a3b68","status":"passed","time":{"start":1753020036428,"stop":1753020036566,"duration":138},"flaky":false,"newFailed":false,"newPassed":false,"newBroken":false,"retriesCount":0,"retriesStatusChange":false,"parameters":[],"tags":[]},{"name":"validateFieldLengths","uid":"8e5b1936594499de","parentUid":"f51b6071e8ec97a9597f406c711a3b68","status":"passed","time":{"start":1753020036578,"stop":1753020036719,"duration":141},"flaky":false,"newFailed":false,"newPassed":false,"newBroken":false,"retriesCount":0,"retriesStatusChange":false,"parameters":[],"tags":[]},{"name":"validateInvalidDataFormats","uid":"104b1d1e5753c3d1","parentUid":"f51b6071e8ec97a9597f406c711a3b68","status":"passed","time":{"start":1753020036727,"stop":1753020036780,"duration":53},"flaky":false,"newFailed":false,"newPassed":false,"newBroken":false,"retriesCount":0,"retriesStatusChange":false,"parameters":[],"tags":[]},{"name":"validateInvalidReferenceIds","uid":"faa480c7853a5420","parentUid":"f51b6071e8ec97a9597f406c711a3b68","status":"passed","time":{"start":1753020036787,"stop":1753020036900,"duration":113},"flaky":false,"newFailed":false,"newPassed":false,"newBroken":false,"retriesCount":0,"retriesStatusChange":false,"parameters":[],"tags":[]},{"name":"preventDuplicateServiceAttributes","uid":"fe819cf1925a96f4","parentUid":"f51b6071e8ec97a9597f406c711a3b68","status":"passed","time":{"start":1753020036912,"stop":1753020037114,"duration":202},"flaky":false,"newFailed":false,"newPassed":false,"newBroken":false,"retriesCount":0,"retriesStatusChange":false,"parameters":[],"tags":[]}],"uid":"Tests.Service_TCs.Create.CreateService"}]}