{"uid":"b1a8273437954620fa374b796ffaacdd","name":"behaviors","children":[{"name":"Service Management","children":[{"name":"Create Service","children":[{"name":"1.1","children":[{"name":"Create service with valid mandatory fields","uid":"d3d026282749417d","parentUid":"5af8dae3b56003a4844bdef623765918","status":"passed","time":{"start":1753020033985,"stop":1753020036032,"duration":2047},"flaky":false,"newFailed":false,"newPassed":false,"newBroken":false,"retriesCount":0,"retriesStatusChange":false,"parameters":[],"tags":[]},{"name":"Create service with all fields including future effective date","uid":"1f24ba3e7d45d6c3","parentUid":"5af8dae3b56003a4844bdef623765918","status":"passed","time":{"start":1753020036046,"stop":1753020036218,"duration":172},"flaky":false,"newFailed":false,"newPassed":false,"newBroken":false,"retriesCount":0,"retriesStatusChange":false,"parameters":[],"tags":[]},{"name":"Soft deleted attributes validation","uid":"2bee19cc355371c6","parentUid":"5af8dae3b56003a4844bdef623765918","status":"passed","time":{"start":1753020036225,"stop":1753020036418,"duration":193},"flaky":false,"newFailed":false,"newPassed":false,"newBroken":false,"retriesCount":0,"retriesStatusChange":false,"parameters":[],"tags":[]},{"name":"Missing mandatory fields validation","uid":"674b17a6e1c2a7a4","parentUid":"5af8dae3b56003a4844bdef623765918","status":"passed","time":{"start":1753020036428,"stop":1753020036566,"duration":138},"flaky":false,"newFailed":false,"newPassed":false,"newBroken":false,"retriesCount":0,"retriesStatusChange":false,"parameters":[],"tags":[]},{"name":"Field length validation","uid":"8e5b1936594499de","parentUid":"5af8dae3b56003a4844bdef623765918","status":"passed","time":{"start":1753020036578,"stop":1753020036719,"duration":141},"flaky":false,"newFailed":false,"newPassed":false,"newBroken":false,"retriesCount":0,"retriesStatusChange":false,"parameters":[],"tags":[]},{"name":"Invalid data format validation","uid":"104b1d1e5753c3d1","parentUid":"5af8dae3b56003a4844bdef623765918","status":"passed","time":{"start":1753020036727,"stop":1753020036780,"duration":53},"flaky":false,"newFailed":false,"newPassed":false,"newBroken":false,"retriesCount":0,"retriesStatusChange":false,"parameters":[],"tags":[]},{"name":"Invalid reference IDs validation","uid":"faa480c7853a5420","parentUid":"5af8dae3b56003a4844bdef623765918","status":"passed","time":{"start":1753020036787,"stop":1753020036900,"duration":113},"flaky":false,"newFailed":false,"newPassed":false,"newBroken":false,"retriesCount":0,"retriesStatusChange":false,"parameters":[],"tags":[]},{"name":"Prevent duplicate service attributes","uid":"fe819cf1925a96f4","parentUid":"5af8dae3b56003a4844bdef623765918","status":"passed","time":{"start":1753020036912,"stop":1753020037114,"duration":202},"flaky":false,"newFailed":false,"newPassed":false,"newBroken":false,"retriesCount":0,"retriesStatusChange":false,"parameters":[],"tags":[]}],"uid":"5af8dae3b56003a4844bdef623765918"}],"uid":"466fe0ba6f3d4927c047d4452e7a85ea"}],"uid":"c983ae379e3e016490f6fadb7fbf1eca"}]}