{"uid":"98d3104e051c652961429bf95fa0b5d6","name":"suites","children":[{"name":"Default Suite","children":[{"name":"MedicalProject","children":[{"name":"Tests.Service_TCs.Create.CreateService","children":[{"name":"Create service with valid mandatory fields","uid":"d3d026282749417d","parentUid":"7473f6b479bf1141ec901388d6f0bbd3","status":"passed","time":{"start":1753020033985,"stop":1753020036032,"duration":2047},"flaky":false,"newFailed":false,"newPassed":false,"newBroken":false,"retriesCount":0,"retriesStatusChange":false,"parameters":[],"tags":[]},{"name":"Create service with all fields including future effective date","uid":"1f24ba3e7d45d6c3","parentUid":"7473f6b479bf1141ec901388d6f0bbd3","status":"passed","time":{"start":1753020036046,"stop":1753020036218,"duration":172},"flaky":false,"newFailed":false,"newPassed":false,"newBroken":false,"retriesCount":0,"retriesStatusChange":false,"parameters":[],"tags":[]},{"name":"Soft deleted attributes validation","uid":"2bee19cc355371c6","parentUid":"7473f6b479bf1141ec901388d6f0bbd3","status":"passed","time":{"start":1753020036225,"stop":1753020036418,"duration":193},"flaky":false,"newFailed":false,"newPassed":false,"newBroken":false,"retriesCount":0,"retriesStatusChange":false,"parameters":[],"tags":[]},{"name":"Missing mandatory fields validation","uid":"674b17a6e1c2a7a4","parentUid":"7473f6b479bf1141ec901388d6f0bbd3","status":"passed","time":{"start":1753020036428,"stop":1753020036566,"duration":138},"flaky":false,"newFailed":false,"newPassed":false,"newBroken":false,"retriesCount":0,"retriesStatusChange":false,"parameters":[],"tags":[]},{"name":"Field length validation","uid":"8e5b1936594499de","parentUid":"7473f6b479bf1141ec901388d6f0bbd3","status":"passed","time":{"start":1753020036578,"stop":1753020036719,"duration":141},"flaky":false,"newFailed":false,"newPassed":false,"newBroken":false,"retriesCount":0,"retriesStatusChange":false,"parameters":[],"tags":[]},{"name":"Invalid data format validation","uid":"104b1d1e5753c3d1","parentUid":"7473f6b479bf1141ec901388d6f0bbd3","status":"passed","time":{"start":1753020036727,"stop":1753020036780,"duration":53},"flaky":false,"newFailed":false,"newPassed":false,"newBroken":false,"retriesCount":0,"retriesStatusChange":false,"parameters":[],"tags":[]},{"name":"Invalid reference IDs validation","uid":"faa480c7853a5420","parentUid":"7473f6b479bf1141ec901388d6f0bbd3","status":"passed","time":{"start":1753020036787,"stop":1753020036900,"duration":113},"flaky":false,"newFailed":false,"newPassed":false,"newBroken":false,"retriesCount":0,"retriesStatusChange":false,"parameters":[],"tags":[]},{"name":"Prevent duplicate service attributes","uid":"fe819cf1925a96f4","parentUid":"7473f6b479bf1141ec901388d6f0bbd3","status":"passed","time":{"start":1753020036912,"stop":1753020037114,"duration":202},"flaky":false,"newFailed":false,"newPassed":false,"newBroken":false,"retriesCount":0,"retriesStatusChange":false,"parameters":[],"tags":[]}],"uid":"7473f6b479bf1141ec901388d6f0bbd3"}],"uid":"570f7220d96b6ae2064677262725c6c7"}],"uid":"8399274b4bb69ec8699907dd6ef7de4e"}]}