{"3007da9940808267d5c8c0000682655d":{"statistic":{"failed":0,"broken":0,"skipped":0,"passed":1,"unknown":0,"total":1},"items":[{"uid":"fe819cf1925a96f4","status":"passed","time":{"start":1753020036912,"stop":1753020037114,"duration":202}}]},"861e193b74e340c389b1fd3a5c1db7fb":{"statistic":{"failed":0,"broken":0,"skipped":0,"passed":1,"unknown":0,"total":1},"items":[{"uid":"104b1d1e5753c3d1","status":"passed","time":{"start":1753020036727,"stop":1753020036780,"duration":53}}]},"bd5b9558be85641ec7cf2b8483554c83":{"statistic":{"failed":0,"broken":0,"skipped":0,"passed":1,"unknown":0,"total":1},"items":[{"uid":"2bee19cc355371c6","status":"passed","time":{"start":1753020036225,"stop":1753020036418,"duration":193}}]},"6933030a768689b1d6ba168a66507b46":{"statistic":{"failed":0,"broken":0,"skipped":0,"passed":1,"unknown":0,"total":1},"items":[{"uid":"8e5b1936594499de","status":"passed","time":{"start":1753020036578,"stop":1753020036719,"duration":141}}]},"42c9ddb9be42ed1be3fb4086b401a94d":{"statistic":{"failed":0,"broken":0,"skipped":0,"passed":1,"unknown":0,"total":1},"items":[{"uid":"1f24ba3e7d45d6c3","status":"passed","time":{"start":1753020036046,"stop":1753020036218,"duration":172}}]},"afc3f3bda6c48f8cbfd43e0c644c1362":{"statistic":{"failed":0,"broken":0,"skipped":0,"passed":1,"unknown":0,"total":1},"items":[{"uid":"d3d026282749417d","status":"passed","time":{"start":1753020033985,"stop":1753020036032,"duration":2047}}]},"ff2ac19e794ed97092b37062cdeb3f41":{"statistic":{"failed":0,"broken":0,"skipped":0,"passed":1,"unknown":0,"total":1},"items":[{"uid":"faa480c7853a5420","status":"passed","time":{"start":1753020036787,"stop":1753020036900,"duration":113}}]},"32dbae6b99e854e7eb247efb2b4a2821":{"statistic":{"failed":0,"broken":0,"skipped":0,"passed":1,"unknown":0,"total":1},"items":[{"uid":"674b17a6e1c2a7a4","status":"passed","time":{"start":1753020036428,"stop":1753020036566,"duration":138}}]}}