[{"uid":"d3d026282749417d","name":"Create service with valid mandatory fields","time":{"start":1753020033985,"stop":1753020036032,"duration":2047},"status":"passed","severity":"critical"},{"uid":"1f24ba3e7d45d6c3","name":"Create service with all fields including future effective date","time":{"start":1753020036046,"stop":1753020036218,"duration":172},"status":"passed","severity":"critical"},{"uid":"2bee19cc355371c6","name":"Soft deleted attributes validation","time":{"start":1753020036225,"stop":1753020036418,"duration":193},"status":"passed","severity":"normal"},{"uid":"104b1d1e5753c3d1","name":"Invalid data format validation","time":{"start":1753020036727,"stop":1753020036780,"duration":53},"status":"passed","severity":"critical"},{"uid":"faa480c7853a5420","name":"Invalid reference IDs validation","time":{"start":1753020036787,"stop":1753020036900,"duration":113},"status":"passed","severity":"critical"},{"uid":"fe819cf1925a96f4","name":"Prevent duplicate service attributes","time":{"start":1753020036912,"stop":1753020037114,"duration":202},"status":"passed","severity":"critical"},{"uid":"674b17a6e1c2a7a4","name":"Missing mandatory fields validation","time":{"start":1753020036428,"stop":1753020036566,"duration":138},"status":"passed","severity":"critical"},{"uid":"8e5b1936594499de","name":"Field length validation","time":{"start":1753020036578,"stop":1753020036719,"duration":141},"status":"passed","severity":"critical"}]